[
  {
    "id": 1,
    "Title": "Table de Cuisine en Bois",
    "Description": "Une table de cuisine élégante en bois massif.",
    "Price": 199.99,
    "State": "neuf",
    "Stock": "10",
    "Created_At": "2024-11-01",
    "Modified_At": "2024-11-05",
    "color": "marron",
    "Material": "bois",
    "ImageURL": "https://www.meuble-house.fr/media/catalog/product/cache/fbdf6eab5d71d83d9b1e1c285d3b915e/1/1/1111-4_1_2.jpg"
  },
  {
    "id": 2,
    "Title": "Chaise en Acier",
    "Description": "Chaise robuste en acier inoxydable.",
    "Price": 49.99,
    "State": "neuf",
    "Stock": "50",
    "Created_At": "2024-10-15",
    "Modified_At": "2024-10-20",
    "Color": "argent",
    "Material": "métal",
    "ImageURL": "https://oblist.com/cdn/shop/files/IMG_5957.heic?v=1710328142&width=800"
  },
  {
    "id": 3,
    "Title": "Buffet de Cuisine",
    "Description": "Buffet de cuisine spacieux avec plusieurs compartiments.",
    "Price": 299.99,
    "State": "neuf",
    "Stock": "15",
    "Created_At": "2024-11-02",
    "Modified_At": "2024-11-06",
    "Color": "gris",
    "Material": "bois",
    "ImageURL": "https://image.made-in-china.com/2f0j00yaIBACOPEYcf/Modern-Design-Kitchen-Sideboard-Buffet-Cabinet-Dining-Room-Home-Furniture-Luxury-Storage-Wooden-Sideboard-with-Mirror.webp"
  },
  {
    "id": 4,
    "Title": "Portemanteau d'Entrée",
    "Description": "Portemanteau moderne pour une entrée bien organisée.",
    "Price": 89.99,
    "State": "neuf",
    "Stock": "20",
    "Created_At": "2024-11-03",
    "Modified_At": "2024-11-07",
    "Color": "noir",
    "Material": "métal",
    "ImageURL": "https://www.cdiscount.com/pdt2/8/4/8/1/700x700/hoo1721040958848/rw/hoobro-portemanteau-meuble-d-entree-vestiaire-av.jpg"
  },
  {
    "id": 5,
    "Title": "Meuble à Chaussures",
    "Description": "Un meuble pratique pour ranger les chaussures dans l'entrée.",
    "Price": 109.99,
    "State": "neuf",
    "Stock": "18",
    "Created_At": "2024-10-25",
    "Modified_At": "2024-11-07",
    "Color": "blanc",
    "Material": "bois",
    "ImageURL": "https://media.adeo.com/marketplace/MKP/89810846/d214c6b54e24a901b91518b6c6973725.jpeg?width=650&height=650&format=jpg&quality=80&fit=bounds"
  },
  {
    "id": 6,
    "Title": "Table Basse pour Enfants",
    "Description": "Petite table pour enfants, idéale pour les activités manuelles.",
    "Price": 49.99,
    "State": "neuf",
    "Stock": "30",
    "Created_At": "2024-10-29",
    "Modified_At": "2024-11-04",
    "Color": "rose",
    "Material": "plastique",
    "ImageURL": "https://www.banaby.fr/images/produkty/table-pour-enfants-avec-chaises-chat-blanc-pim32189-0.jpg"
  },
  {
    "id": 7,
    "Title": "Chaise Enfant",
    "Description": "Chaise colorée pour enfants, parfaite pour une chambre ou une salle de jeu.",
    "Price": 24.99,
    "State": "neuf",
    "Stock": "40",
    "Created_At": "2024-11-01",
    "Modified_At": "2024-11-05",
    "Color": "bleu",
    "Material": "plastique",
    "ImageURL": "https://img.freepik.com/photos-gratuite/chaise-coloree-est-rangee_53876-84.jpg"
  },
  {
    "id": 8,
    "Title": "Lit Enfant en Bois",
    "Description": "Un lit en bois robuste pour enfant, avec barrière de sécurité.",
    "Price": 189.99,
    "State": "neuf",
    "Stock": "10",
    "Created_At": "2024-10-21",
    "Modified_At": "2024-11-05",
    "Color": "blanc",
    "Material": "bois",
    "ImageURL": "https://media.adeo.com/mkp/eaa4755ee430e8231ac6c5c66948ebe3/media.jpg?width=3000&height=3000&format=jpg&quality=80&fit=bounds"
  },
  {
    "id": 9,
    "Title": "Armoire de Chambre",
    "Description": "Armoire spacieuse avec portes coulissantes pour une chambre moderne.",
    "Price": 499.99,
    "State": "neuf",
    "Stock": "8",
    "Created_At": "2024-11-02",
    "Modified_At": "2024-11-07",
    "Color": "chêne",
    "Material": "bois",
    "ImageURL": "https://cdn.manomano.com/media/edison/6/4/5/4/6454a1174d22.jpg"
  },
  {
    "id": 10,
    "Title": "Commode 3 Tiroirs",
    "Description": "Commode en bois avec trois tiroirs spacieux.",
    "Price": 249.99,
    "State": "neuf",
    "Stock": "12",
    "Created_At": "2024-11-03",
    "Modified_At": "2024-11-07",
    "Color": "marron",
    "Material": "bois",
    "ImageURL": "https://example.com/images/chambre_commode.jpg"
  },
  {
    "id": 11,
    "Title": "Bureau Ergonomique",
    "Description": "Bureau ergonomique avec hauteur réglable pour le travail à domicile.",
    "Price": 299.99,
    "State": "neuf",
    "Stock": "5",
    "Created_At": "2024-11-01",
    "Modified_At": "2024-11-06",
    "Color": "noir",
    "Material": "métal",
    "ImageURL": "https://example.com/images/bureau_bureau.jpg"
  },
  {
    "id": 12,
    "Title": "Chaise de Bureau Confort",
    "Description": "Chaise de bureau ergonomique avec support lombaire.",
    "Price": 139.99,
    "State": "neuf",
    "Stock": "20",
    "Created_At": "2024-10-30",
    "Modified_At": "2024-11-05",
    "Color": "gris",
    "Material": "tissu",
    "ImageURL": "https://example.com/images/bureau_chaise.jpg"
  },

  {
    "id": 13,
    "Title": "Canapé Modulable",
    "Description": "Canapé modulable avec coussins amovibles, idéal pour les salons modernes.",
    "Price": 799.99,
    "State": "neuf",
    "Stock": "8",
    "Created_At": "2024-11-01",
    "Modified_At": "2024-11-05",
    "Color": "gris",
    "Material": "tissu",
    "ImageURL": "https://example.com/images/sofa_modulaire.jpg"
  },
  {
    "id": 14,
    "Title": "Table à Manger en Verre",
    "Description": "Table à manger en verre trempé avec pieds en métal noir.",
    "Price": 399.99,
    "State": "neuf",
    "Stock": "12",
    "Created_At": "2024-10-15",
    "Modified_At": "2024-10-20",
    "Color": "transparent",
    "Material": "verre",
    "ImageURL": "https://example.com/images/table_verre.jpg"
  },
  {
    "id": 15,
    "Title": "Bibliothèque Étagères",
    "Description": "Bibliothèque moderne avec étagères ouvertes pour un rangement facile.",
    "Price": 249.99,
    "State": "neuf",
    "Stock": "25",
    "Created_At": "2024-10-18",
    "Modified_At": "2024-10-25",
    "Color": "chêne",
    "Material": "bois",
    "ImageURL": "https://example.com/images/bibliotheque_etageres.jpg"
  },
  {
    "id": 16,
    "Title": "Commode TV",
    "Description": "Commode pour télévision avec plusieurs tiroirs pour le rangement.",
    "Price": 189.99,
    "State": "neuf",
    "Stock": "15",
    "Created_At": "2024-10-25",
    "Modified_At": "2024-10-30",
    "Color": "noir",
    "Material": "métal",
    "ImageURL": "https://example.com/images/commode_tv.jpg"
  },
  {
    "id": 17,
    "Title": "Table de Nuit en Bois",
    "Description": "Table de nuit pratique en bois massif avec un tiroir de rangement.",
    "Price": 99.99,
    "State": "neuf",
    "Stock": "30",
    "Created_At": "2024-10-28",
    "Modified_At": "2024-11-02",
    "Color": "bois naturel",
    "Material": "bois",
    "ImageURL": "https://example.com/images/table_nuit_bois.jpg"
  },
  {
    "id": 18,
    "Title": "Fauteuil Lounge",
    "Description": "Fauteuil lounge confortable avec accoudoirs et pied en bois.",
    "Price": 449.99,
    "State": "neuf",
    "Stock": "10",
    "Created_At": "2024-11-01",
    "Modified_At": "2024-11-04",
    "Color": "beige",
    "Material": "tissu",
    "ImageURL": "https://example.com/images/fauteuil_lounge.jpg"
  },
  {
    "id": 19,
    "Title": "Rangement sous le Lit",
    "Description": "Rangement pratique sous le lit avec plusieurs tiroirs.",
    "Price": 129.99,
    "State": "neuf",
    "Stock": "40",
    "Created_At": "2024-11-03",
    "Modified_At": "2024-11-06",
    "Color": "blanc",
    "Material": "plastique",
    "ImageURL": "https://example.com/images/rangement_sous_lit.jpg"
  },
  {
    "id": 20,
    "Title": "Tabouret Haut de Bar",
    "Description": "Tabouret haut de bar en métal avec assise rembourrée.",
    "Price": 79.99,
    "State": "neuf",
    "Stock": "20",
    "Created_At": "2024-10-29",
    "Modified_At": "2024-11-02",
    "Color": "noir",
    "Material": "métal",
    "ImageURL": "https://example.com/images/tabouret_bar.jpg"
  },
  {
    "id": 21,
    "Title": "Meuble TV en Bois",
    "Description": "Meuble TV en bois avec étagères ouvertes et espace pour appareils électroniques.",
    "Price": 349.99,
    "State": "neuf",
    "Stock": "14",
    "Created_At": "2024-10-30",
    "Modified_At": "2024-11-03",
    "Color": "bois clair",
    "Material": "bois",
    "ImageURL": "https://example.com/images/meuble_tv_bois.jpg"
  },
  {
    "id": 22,
    "Title": "Étagère Murale",
    "Description": "Étagère murale pour livres et objets décoratifs.",
    "Price": 59.99,
    "State": "neuf",
    "Stock": "35",
    "Created_At": "2024-11-01",
    "Modified_At": "2024-11-04",
    "Color": "noir",
    "Material": "métal",
    "ImageURL": "https://example.com/images/etagere_murale.jpg"
  },
  {
    "id": 23,
    "Title": "Vitrine en Bois",
    "Description": "Vitrine en bois avec portes vitrées et étagères pour objets de collection.",
    "Price": 399.99,
    "State": "neuf",
    "Stock": "6",
    "Created_At": "2024-10-20",
    "Modified_At": "2024-10-25",
    "Color": "chêne",
    "Material": "bois",
    "ImageURL": "https://example.com/images/vitrine_bois.jpg"
  },
  {
    "id": 24,
    "Title": "Bureau Compact",
    "Description": "Bureau compact avec tiroir pour ordinateur portable et rangement intégré.",
    "Price": 169.99,
    "State": "neuf",
    "Stock": "22",
    "Created_At": "2024-11-02",
    "Modified_At": "2024-11-06",
    "Color": "blanc",
    "Material": "bois",
    "ImageURL": "https://example.com/images/bureau_compact.jpg"
  },
  {
    "id": 25,
    "Title": "Meuble à Lingerie",
    "Description": "Meuble à lingerie avec tiroirs profonds pour un rangement optimal.",
    "Price": 249.99,
    "State": "neuf",
    "Stock": "13",
    "Created_At": "2024-10-22",
    "Modified_At": "2024-10-26",
    "Color": "blanc",
    "Material": "bois",
    "ImageURL": "https://example.com/images/meuble_lingerie.jpg"
  },
  {
    "id": 26,
    "Title": "Chariot de Cuisine",
    "Description": "Chariot de cuisine mobile avec étagères et espace de rangement.",
    "Price": 149.99,
    "State": "neuf",
    "Stock": "17",
    "Created_At": "2024-10-19",
    "Modified_At": "2024-10-23",
    "Color": "gris",
    "Material": "métal",
    "ImageURL": "https://example.com/images/chariot_cuisine.jpg"
  }
]
